version: '1.0'
timezone: Europe/Madrid
notes: EndDate is exclusive. shoulder_days indicates optional padding applied by pricing logic (days before start and after
  end).
events:
- name: New Year’s Day
  start_date: '2026-01-01'
  end_date: '2026-01-02'
  type: Holiday
  demand_level: Medium
  shoulder_days: 1
  notes: Official public holiday (Barcelona).
  source: ajuntament.barcelona.cat/calendarifestius
- name: Epiphany / Three Kings’ Day
  start_date: '2026-01-06'
  end_date: '2026-01-07'
  type: Holiday
  demand_level: Medium
  shoulder_days: 1
  notes: Official public holiday (Barcelona).
  source: ajuntament.barcelona.cat/calendarifestius
- name: Integrated Systems Europe (ISE)
  start_date: '2026-02-03'
  end_date: '2026-02-07'
  type: TradeFair
  demand_level: Peak
  shoulder_days: 2
  notes: Show dates Feb 3–6; end_date exclusive covers Feb 6 night, with shoulders for arrivals/departures.
  source: iseurope.org
- name: eDreams Barcelona Half Marathon
  start_date: '2026-02-15'
  end_date: '2026-02-16'
  type: Sport
  demand_level: High
  shoulder_days: 1
  notes: Large race weekend; impacts mainly Fri–Sun.
  source: ahotu.com
- name: Mobile World Congress (MWC)
  start_date: '2026-03-02'
  end_date: '2026-03-06'
  type: Congress
  demand_level: Peak
  shoulder_days: 2
  notes: Show dates Mar 2–5; end_date exclusive covers Mar 5 night.
  source: mwcbarcelona.com
- name: Barcelona Marathon
  start_date: '2026-03-15'
  end_date: '2026-03-16'
  type: Sport
  demand_level: High
  shoulder_days: 1
  notes: Large international marathon; impacts mainly Fri–Sun.
  source: finishers.com
- name: Good Friday
  start_date: '2026-04-03'
  end_date: '2026-04-04'
  type: Holiday
  demand_level: High
  shoulder_days: 2
  notes: Semana Santa demand uplift around long weekend.
  source: ajuntament.barcelona.cat/calendarifestius
- name: Easter Monday
  start_date: '2026-04-06'
  end_date: '2026-04-07'
  type: Holiday
  demand_level: High
  shoulder_days: 1
  notes: Public holiday in Catalonia; part of Easter travel week.
  source: ajuntament.barcelona.cat/calendarifestius
- name: ROSALÍA – LUX TOUR (Palau Sant Jordi)
  start_date: '2026-04-13'
  end_date: '2026-04-19'
  type: Concerts
  demand_level: High
  shoulder_days: 1
  notes: Concert dates Apr 13, 15, 17, 18; band covers those nights.
  source: palausantjordi.barcelona / livenation.es
- name: Labour Day
  start_date: '2026-05-01'
  end_date: '2026-05-02'
  type: Holiday
  demand_level: Medium
  shoulder_days: 1
  notes: National holiday.
  source: ajuntament.barcelona.cat/calendarifestius
- name: Whit Monday / Pentecost Monday (Local)
  start_date: '2026-05-25'
  end_date: '2026-05-26'
  type: Holiday
  demand_level: Medium
  shoulder_days: 1
  notes: Local holiday in Barcelona.
  source: ajuntament.barcelona.cat/calendarifestius
- name: Bad Bunny (Estadi Olímpic)
  start_date: '2026-05-22'
  end_date: '2026-05-24'
  type: Concert
  demand_level: Peak
  shoulder_days: 1
  notes: Concerts May 22–23; end_date exclusive covers May 23 night.
  source: estadiolimpic.barcelona
- name: Primavera Sound Barcelona
  start_date: '2026-06-03'
  end_date: '2026-06-08'
  type: Festival
  demand_level: Peak
  shoulder_days: 1
  notes: Main festival Jun 4–6 plus opening/closing events; band covers citywide program.
  source: timeout.com / pitchfork.com
- name: Barcelona-Catalunya F1 Grand Prix
  start_date: '2026-06-12'
  end_date: '2026-06-15'
  type: Sport
  demand_level: Peak
  shoulder_days: 1
  notes: Race weekend Jun 12–14; end_date exclusive covers Jun 14 night.
  source: circuitcat.com
- name: Sónar Festival
  start_date: '2026-06-18'
  end_date: '2026-06-21'
  type: Festival
  demand_level: Peak
  shoulder_days: 1
  notes: Official dates Jun 18–20; end_date exclusive covers Jun 20 night.
  source: sonar.es
- name: Sant Joan / Midsummer solstice
  start_date: '2026-06-24'
  end_date: '2026-06-25'
  type: Holiday
  demand_level: High
  shoulder_days: 1
  notes: Public holiday; big leisure night before (Jun 23).
  source: ajuntament.barcelona.cat/calendarifestius
- name: Tour de France 2026 – Grand Départ Barcelona
  start_date: '2026-07-04'
  end_date: '2026-07-07'
  type: Sport
  demand_level: High
  shoulder_days: 1
  notes: Grand Départ starts Jul 4; band covers Jul 4–6 nights.
  source: letour.fr / letour.barcelona
- name: Assumption of Mary
  start_date: '2026-08-15'
  end_date: '2026-08-16'
  type: Holiday
  demand_level: Medium
  shoulder_days: 1
  notes: National holiday; weekend effects vary.
  source: ajuntament.barcelona.cat/calendarifestius
- name: Catalan National Day (Diada)
  start_date: '2026-09-11'
  end_date: '2026-09-12'
  type: Holiday
  demand_level: High
  shoulder_days: 1
  notes: Regional holiday; can lift city demand.
  source: ajuntament.barcelona.cat/calendarifestius
- name: La Mercè Festival (Barcelona)
  start_date: '2026-09-20'
  end_date: '2026-09-25'
  type: Festival
  demand_level: High
  shoulder_days: 1
  notes: Multi-day city festival around Sep 24 (local holiday).
  source: ajuntament.barcelona.cat/calendarifestius
- name: Mare de Déu de la Mercè (Local holiday)
  start_date: '2026-09-24'
  end_date: '2026-09-25'
  type: Holiday
  demand_level: High
  shoulder_days: 1
  notes: Local public holiday in Barcelona.
  source: ajuntament.barcelona.cat/calendarifestius
- name: National Day of Spain
  start_date: '2026-10-12'
  end_date: '2026-10-13'
  type: Holiday
  demand_level: Medium
  shoulder_days: 1
  notes: National holiday.
  source: ajuntament.barcelona.cat/calendarifestius
- name: Feast of the Immaculate Conception
  start_date: '2026-12-08'
  end_date: '2026-12-09'
  type: Holiday
  demand_level: Medium
  shoulder_days: 1
  notes: National holiday.
  source: ajuntament.barcelona.cat/calendarifestius
- name: Christmas Day
  start_date: '2026-12-25'
  end_date: '2026-12-26'
  type: Holiday
  demand_level: High
  shoulder_days: 1
  notes: National holiday; festive travel.
  source: ajuntament.barcelona.cat/calendarifestius
- name: Boxing Day (Catalonia)
  start_date: '2026-12-26'
  end_date: '2026-12-27'
  type: Holiday
  demand_level: High
  shoulder_days: 1
  notes: Regional holiday in Catalonia.
  source: ajuntament.barcelona.cat/calendarifestius
